,Anis,Anna,Julia,Laura,Lukas
img_1703.png,,,,,
img_1704.png,,,,,
img_1705.png,,,,,
img_1706.png,,,,,
img_1707.png,,,,,
img_1708.png,,,,,
img_1709.png,,,,,
img_1710.png,,,,,
img_1711.png,,,,,
img_1712.png,,,,,
img_1713.png,,,,,
img_1714.png,,,,,
img_1715.png,,,,,
img_1716.png,,,,,
img_1717.png,,,,,
img_1718.png,,,,,
img_1719.png,,,,,
img_1720.png,,,,,
img_1721.png,,,,,
img_1722.png,,,,,
img_1723.png,,,,,
img_1724.png,,,,,
img_1725.png,,,,,
img_1726.png,,,,,
img_1727.png,,,,,
img_1728.png,,,,,
img_1729.png,,,,,
img_1730.png,,,,,
img_1731.png,,,,,
img_1732.png,,,,,
img_1733.png,,,,,
img_1734.png,,,,,
img_1735.png,,,,,
img_1736.png,,,,,
img_1737.png,,,,,
img_1738.png,,,,,
img_1739.png,,,,,
img_1740.png,,,,,
img_1741.png,,,,,
img_1742.png,,,,,
img_1743.png,,,,,
img_1744.png,,,,,
img_1745.png,,,,,
img_1746.png,,,,,
img_1747.png,,,,,
img_1748.png,,,,,
img_1749.png,,,,,
img_1750.png,,,,,
img_1751.png,,,,,
img_1752.png,,,,,
img_1753.png,,,,,
img_1754.png,,,,,
img_1755.png,,,,,
img_1756.png,,,,,
img_1757.png,,,,,
img_1758.png,,,,,
img_1759.png,,,,,
img_1760.png,,,,,
img_1761.png,,,,,
img_1762.png,,,,,
img_1763.png,,,,,
img_1764.png,,,,,
img_1765.png,,,,,
img_1766.png,,,,,
img_1767.png,,,,,
img_1768.png,,,,,
img_1769.png,,,,,
img_1770.png,,,,,
img_1771.png,,,,,
img_1772.png,,,,,
img_1773.png,,,,,
img_1774.png,,,,,
img_1775.png,,,,,
img_1776.png,,,,,
img_1777.png,,,,,
img_1778.png,,,,,
img_1779.png,,,,,
img_1780.png,,,,,
img_1781.png,,,,,
img_1782.png,,,,,
img_1783.png,,,,,
img_1784.png,,,,,
img_1785.png,,,,,
img_1786.png,,,,,
img_1787.png,,,,,
img_1788.png,,,,,
img_1789.png,,,,,
img_1790.png,,,,,
img_1791.png,,,,,
img_1792.png,,,,,
img_1793.png,,,,,
img_1794.png,,,,,
img_1795.png,,,,,
img_1796.png,,,,,
img_1797.png,,,,,
img_1798.png,,,,,
img_1799.png,,,,,
img_1800.png,,,,,
img_1801.png,,,,,
img_1802.png,,,,,
img_1803.png,,,,,
img_1804.png,,,,,
img_1805.png,,,,,
img_1806.png,,,,,
img_1807.png,,,,,
img_1808.png,,,,,
img_1809.png,,,,,
img_1810.png,,,,,
img_1811.png,,,,,
img_1812.png,,,,,
img_1813.png,,,,,
img_1814.png,,,,,
img_1815.png,,,,,
img_1816.png,,,,,
img_1817.png,,,,,
img_1818.png,,,,,
img_1819.png,,,,,
img_1820.png,,,,,
img_1821.png,,,,,
img_1822.png,,,,,
img_1823.png,,,,,
img_1824.png,,,,,
img_1825.png,,,,,
img_1826.png,,,,,
img_1827.png,,,,,
img_1828.png,,,,,
img_1829.png,,,,,
img_1830.png,,,,,
img_1831.png,,,,,
img_1832.png,,,,,
img_1833.png,,,,,
img_1834.png,,,,,
img_1835.png,,,,,
img_1836.png,,,,,
img_1837.png,,,,,
img_1838.png,,,,,
img_1839.png,,,,,
img_1840.png,,,,,
img_1841.png,,,,,
img_1842.png,,,,,
img_1843.png,,,,,
img_1844.png,,,,,
img_1845.png,,,,,
img_1846.png,,,,,
img_1847.png,,,,,
img_1848.png,,,,,
img_1849.png,,,,,
img_1850.png,,,,,
img_1851.png,,,,,
img_1852.png,,,,,
img_1853.png,,,,,
img_1854.png,,,,,
img_1855.png,,,,,
img_1856.png,,,,,
img_1857.png,,,,,
img_1858.png,,,,,
img_1859.png,,,,,
img_1860.png,,,,,
img_1861.png,,,,,
img_1862.png,,,,,
img_1863.png,,,,,
img_1864.png,,,,,
img_1865.png,,,,,
img_1866.png,,,,,
img_1867.png,,,,,
img_1868.png,,,,,
img_1869.png,,,,,
img_1870.png,,,,,
img_1871.png,,,,,
img_1872.png,,,,,
img_1873.png,,,,,
img_1874.png,,,,,
img_1875.png,,,,,
img_1876.png,,,,,
img_1877.png,,,,,
img_1878.png,,,,,
img_1879.png,,,,,
img_1880.png,,,,,
img_1881.png,,,,,
img_1882.png,,,,,
img_1883.png,,,,,
img_1884.png,,,,,
img_1885.png,,,,,
img_1886.png,,,,,
img_1887.png,,,,,
img_1888.png,,,,,
img_1889.png,,,,,
img_1890.png,,,,,
img_1891.png,,,,,
img_1892.png,,,,,
img_1893.png,,,,,
img_1894.png,,,,,
img_1895.png,,,,,
img_1896.png,,,,,
img_1897.png,,,,,
img_1898.png,,,,,
img_1899.png,,,,,
img_1900.png,,,,,
img_1901.png,,,,,
img_1902.png,,,,,
